{"max": [2.49787, 8.35919, 6.73101], "centroid": [-1.967254727412549, 6.769700243693276, 2.770958806647765], "id": "17c86b46990b54b65578b8865797aa0", "numVertices": 33813, "min": [-6.69229, 4.89031, -0.806]}
