{"max": [-5.64306, 16.3568, 7.84822], "centroid": [-13.57377750302842, 13.758426347668086, -3.1527919323743108], "id": "b0b164107a27986961f6e1cef6b8e434", "numVertices": 26416, "min": [-21.4792, 12.4007, -10.9059]}
