{"max": [3.24407, 3.00867, 18.2365], "centroid": [1.633380571278479, 0.9435084229228932, 9.037444753661202], "id": "1821df0ce1bf2cea52470de2774d6099", "numVertices": 31412, "min": [0.0, -2.83122e-07, 0.0]}
