{"max": [-0.134292, 1.02418, 3.27198], "centroid": [-0.5000417422065677, 0.38946194969322473, 2.1732167741935537], "id": "3837c8ef573c2a7b360cf6eb12fae4", "numVertices": 7378, "min": [-0.868675, -0.175453, 0.80755]}
