{"max": [-29.6172, 20.6081, -118.605], "centroid": [-40.80791547897892, 6.161109486469298, -157.90713236107257], "id": "4ead9b28515b97fdc0e2e9e9ade4d03b", "numVertices": 37987, "min": [-50.9584, -0.00254493, -193.612]}
