{"max": [26.8012, 48.4688, 121.804], "centroid": [-0.35991653166267673, 23.00089782497461, 58.38835882321472], "id": "4ef6af15bcc78650bedced414fad522f", "numVertices": 18667, "min": [-26.8012, 0.0, -0.133374]}
