{"max": [-5.05054, 1.40017, -0.64365], "centroid": [-5.9656608807090565, 0.5820168768779796, -3.1762632432856113], "id": "42af1d5d3b2524003e241901f2025878", "numVertices": 14670, "min": [-6.8049, 0.0, -5.03971]}
