{"max": [8.21386, 4.46996, 19.705], "centroid": [6.3265729706623715, 2.3400673823294613, 13.046353203663063], "id": "3080d86e8424187d4d44f5db04bf14b8", "numVertices": 24678, "min": [4.99879, -6.10453e-09, 5.88638]}
