{"max": [0.0240309, 0.0366391, 0.0611498], "centroid": [-7.266576869129045e-05, 0.015726027654060445, -0.011797916126034758], "id": "6710c87e34056a29aa69dfdc5532bb13", "numVertices": 24306, "min": [-0.0240817, 2.53147e-05, -0.061099]}
