{"max": [-0.565665, 1.5343, 2.00329], "centroid": [-1.1226473836423403, 0.6455012824605775, 0.7434130041812486], "id": "5131b742dad94f6175dadc997718614d", "numVertices": 5771, "min": [-1.67166, 0.0, -0.333463]}
