{"max": [15.4527, 12.408, 38.0835], "centroid": [-1.3497274889336377, 3.5583522326590478, 17.850403197213623], "id": "10e4331c34d610dacc14f1e6f4f4f49b", "numVertices": 30936, "min": [-18.1939, -0.0373826, 0.204747]}
