{"max": [-0.958706, 3.17976, 14.722], "centroid": [-2.3057668699912166, 0.886567336069707, 8.85574750069178], "id": "79e32e66bbf04191afe1d4530f4c6e24", "numVertices": 112031, "min": [-3.63126, 3.72529e-08, 2.20722]}
