{"max": [0.779256, 1.21163, 0.069875], "centroid": [0.41756610102457187, 0.5897488378474524, -1.1378474696886443], "id": "6ea0a49bd27fa58b2279b76b11a9a16c", "numVertices": 21082, "min": [0.043628, 0.0174863, -2.141]}
