{"max": [1.18538, 4.4316, -1.72554], "centroid": [-0.19535545941799987, 1.7031564754383879, -5.031006647790261], "id": "db5b6c2f64fefe5b448c90b3a2fec4b8", "numVertices": 72931, "min": [-1.58174, -0.0721499, -9.57084]}
